year,team,conference,passing_usage,rushing_usage,usages
2014,Air Force,Mountain West,0.751,0.652,0.684
2014,Akron,Mid-American,1.0,0.989,0.952
2014,Alabama,SEC,0.078,0.911,0.589
2014,Arizona,Pac-12,0.0,0.048,0.142
2014,Arizona State,Pac-12,0.99,0.562,0.713
2014,Arkansas,SEC,0.996,0.887,0.856
2014,Arkansas State,Sun Belt,0.139,0.369,0.335
2014,Army,FBS Independents,1.0,0.951,0.946
2014,Auburn,SEC,1.0,0.491,0.68
2014,Ball State,Mid-American,0.018,0.897,0.342
2014,Baylor,Big 12,0.998,0.526,0.738
2014,Boise State,Mountain West,0.527,0.777,0.661
2014,Boston College,ACC,0.019,0.188,0.181
2014,Bowling Green,Mid-American,0.324,0.918,0.642
2014,Buffalo,Mid-American,0.973,0.224,0.512
2014,BYU,FBS Independents,0.973,0.992,0.861
2014,California,Pac-12,0.863,0.574,0.742
2014,Central Michigan,Mid-American,0.921,0.783,0.858
2014,Cincinnati,American Athletic,0.106,0.687,0.44
2014,Clemson,ACC,0.121,0.325,0.288
2014,Colorado,Pac-12,0.605,0.913,0.718
2014,Colorado State,Mountain West,1.0,0.142,0.572
2014,Connecticut,American Athletic,1.0,0.43,0.76
2014,Duke,ACC,0.693,0.688,0.728
2014,East Carolina,Conference USA,1.0,0.456,0.744
2014,Eastern Michigan,Mid-American,0.336,0.847,0.659
2014,Florida,SEC,0.377,0.841,0.639
2014,Florida Atlantic,Conference USA,0.994,0.621,0.711
2014,Florida International,Conference USA,0.453,0.534,0.584
2014,Florida State,ACC,1.0,0.438,0.621
2014,Fresno State,Mountain West,0.02,0.902,0.385
2014,Georgia,SEC,0.244,0.833,0.528
2014,Georgia State,Sun Belt,0.995,0.563,0.7
2014,Georgia Tech,ACC,0.105,0.402,0.367
2014,Hawai'i,Mountain West,0.27,0.844,0.5
2014,Houston,American Athletic,0.912,0.942,0.884
2014,Idaho,FBS Independents,0.51,0.598,0.575
2014,Illinois,Big Ten,0.049,0.739,0.387
2014,Indiana,Big Ten,0.685,0.539,0.546
2014,Iowa,Big Ten,1.0,0.996,0.952
2014,Iowa State,Big 12,0.997,0.619,0.788
2014,Kansas,Big 12,0.2,0.309,0.322
2014,Kansas State,Big 12,0.829,0.221,0.506
2014,Kent State,Mid-American,0.869,0.788,0.775
2014,Kentucky,SEC,0.548,0.375,0.525
2014,Louisiana,Sun Belt,0.983,0.985,0.919
2014,Louisiana Monroe,Sun Belt,0.268,0.422,0.42
2014,Louisiana Tech,Conference USA,0.634,0.929,0.683
2014,Louisville,American Athletic,0.027,0.549,0.373
2014,LSU,SEC,0.091,0.362,0.25
2014,Marshall,Conference USA,0.961,0.381,0.691
2014,Maryland,ACC,1.0,0.991,0.946
2014,Memphis,American Athletic,0.98,0.803,0.888
2014,Miami,ACC,0.101,0.8,0.456
2014,Miami (OH),Mid-American,0.363,0.76,0.627
2014,Michigan,Big Ten,0.997,0.573,0.696
2014,Michigan State,Big Ten,0.921,0.996,0.969
2014,Middle Tennessee,Conference USA,0.117,0.799,0.514
2014,Minnesota,Big Ten,0.294,0.826,0.652
2014,Mississippi State,SEC,0.745,0.661,0.737
2014,Missouri,SEC,0.301,0.482,0.373
2014,Navy,FBS Independents,1.0,0.908,0.882
2014,NC State,ACC,0.045,0.538,0.337
2014,Nebraska,Big Ten,0.36,0.881,0.666
2014,Nevada,Mountain West,0.995,0.801,0.777
2014,New Mexico,Mountain West,0.939,0.645,0.727
2014,New Mexico State,FBS Independents,0.008,0.421,0.351
2014,North Carolina,ACC,0.481,0.776,0.628
2014,Northern Illinois,Mid-American,0.029,0.499,0.432
2014,North Texas,Conference USA,0.03,0.421,0.287
2014,Northwestern,Big Ten,0.788,0.502,0.647
2014,Notre Dame,FBS Independents,0.0,0.712,0.627
2014,Ohio,Mid-American,0.116,0.225,0.211
2014,Ohio State,Big Ten,0.705,0.449,0.571
2014,Oklahoma,Big 12,0.963,0.297,0.522
2014,Oklahoma State,Big 12,0.394,0.589,0.472
2014,Ole Miss,SEC,0.899,0.732,0.749
2014,Oregon,Pac-12,0.985,0.8,0.807
2014,Oregon State,Pac-12,0.972,0.801,0.805
2014,Penn State,Big Ten,0.963,0.987,0.85
2014,Pittsburgh,ACC,0.028,0.909,0.548
2014,Purdue,Big Ten,0.64,0.807,0.748
2014,Rice,Conference USA,0.051,0.234,0.253
2014,Rutgers,American Athletic,0.7,0.944,0.792
2014,San Diego State,Mountain West,0.841,0.37,0.575
2014,San José State,Mountain West,0.017,0.765,0.424
2014,SMU,American Athletic,0.166,0.586,0.37
2014,South Alabama,Sun Belt,0.166,0.592,0.489
2014,South Carolina,SEC,0.249,0.718,0.57
2014,Southern Mississippi,Conference USA,0.609,0.482,0.581
2014,South Florida,American Athletic,0.672,0.172,0.486
2014,Stanford,Pac-12,1.0,0.25,0.568
2014,Syracuse,ACC,0.674,0.418,0.593
2014,TCU,Big 12,0.424,0.775,0.592
2014,Temple,American Athletic,0.904,0.958,0.86
2014,Tennessee,SEC,0.994,0.391,0.649
2014,Texas,Big 12,0.235,0.802,0.565
2014,Texas A&M,SEC,0.046,0.442,0.28
2014,Texas State,Sun Belt,0.541,0.821,0.681
2014,Texas Tech,Big 12,0.514,0.724,0.56
2014,Toledo,Mid-American,1.0,0.547,0.59
2014,Troy,Sun Belt,0.039,0.732,0.415
2014,Tulane,Conference USA,0.997,0.513,0.709
2014,Tulsa,Conference USA,0.49,0.121,0.321
2014,UAB,Conference USA,0.0,0.334,0.289
2014,UCF,American Athletic,0.031,0.341,0.334
2014,UCLA,Pac-12,0.997,0.82,0.882
2014,UMass,Mid-American,0.7,0.686,0.692
2014,UNLV,Mountain West,0.156,0.16,0.331
2014,USC,Pac-12,0.933,0.71,0.759
2014,Utah,Pac-12,1.0,0.477,0.68
2014,Utah State,Mountain West,0.996,0.349,0.562
2014,UTEP,Conference USA,0.904,0.906,0.819
2014,UT San Antonio,Conference USA,0.088,0.551,0.478
2014,Vanderbilt,SEC,0.25,0.671,0.429
2014,Virginia,ACC,1.0,0.98,0.926
2014,Virginia Tech,ACC,0.073,0.611,0.459
2014,Wake Forest,ACC,0.063,0.381,0.251
2014,Washington,Pac-12,0.15,0.325,0.306
2014,Washington State,Pac-12,0.944,0.795,0.909
2014,Western Kentucky,Sun Belt,0.987,0.249,0.657
2014,Western Michigan,Mid-American,0.575,0.499,0.577
2014,West Virginia,Big 12,0.865,0.461,0.683
2014,Wisconsin,Big Ten,0.959,0.563,0.617
2014,Wyoming,Mountain West,0.002,0.444,0.275
2015,Air Force,Mountain West,0.162,0.711,0.646
2015,Akron,Mid-American,0.997,0.995,0.758
2015,Alabama,SEC,0.134,0.364,0.251
2015,Appalachian State,Sun Belt,0.863,0.973,0.93
2015,Arizona,Pac-12,1.0,0.756,0.861
2015,Arizona State,Pac-12,0.302,0.747,0.536
2015,Arkansas,SEC,0.997,0.949,0.942
2015,Arkansas State,Sun Belt,0.983,0.976,0.96
2015,Army,FBS Independents,0.322,0.223,0.278
2015,Auburn,SEC,0.119,0.128,0.157
2015,Ball State,Mid-American,0.511,0.327,0.521
2015,Baylor,Big 12,0.171,0.823,0.549
2015,Boise State,Mountain West,0.095,0.135,0.259
2015,Boston College,ACC,0.035,0.716,0.483
2015,Bowling Green,Mid-American,0.942,0.634,0.839
2015,Buffalo,Mid-American,1.0,1.0,0.939
2015,BYU,FBS Independents,0.289,0.703,0.53
2015,California,Pac-12,0.995,0.98,0.936
2015,Central Michigan,Mid-American,0.998,0.343,0.575
2015,Cincinnati,American Athletic,0.808,0.922,0.892
2015,Clemson,ACC,0.331,0.757,0.632
2015,Colorado,Pac-12,0.998,0.765,0.839
2015,Colorado State,Mountain West,0.059,0.447,0.414
2015,Connecticut,American Athletic,0.188,0.763,0.443
2015,Duke,ACC,0.04,0.647,0.37
2015,East Carolina,American Athletic,0.018,0.5,0.246
2015,Eastern Michigan,Mid-American,0.672,0.419,0.49
2015,Florida,SEC,0.346,0.42,0.426
2015,Florida Atlantic,Conference USA,0.84,0.654,0.641
2015,Florida International,Conference USA,0.877,0.958,0.855
2015,Florida State,ACC,0.115,0.54,0.372
2015,Fresno State,Mountain West,0.081,0.467,0.302
2015,Georgia,SEC,0.136,0.918,0.558
2015,Georgia Southern,Sun Belt,1.0,0.809,0.79
2015,Georgia State,Sun Belt,0.965,0.616,0.802
2015,Georgia Tech,ACC,0.976,0.329,0.413
2015,Hawai'i,Mountain West,0.884,0.695,0.778
2015,Houston,American Athletic,0.584,0.912,0.642
2015,Idaho,Sun Belt,0.85,0.511,0.584
2015,Illinois,Big Ten,0.509,0.419,0.555
2015,Indiana,Big Ten,0.997,0.233,0.471
2015,Iowa,Big Ten,0.209,0.402,0.356
2015,Iowa State,Big 12,0.985,0.371,0.657
2015,Kansas,Big 12,0.993,0.456,0.543
2015,Kansas State,Big 12,0.04,0.44,0.233
2015,Kent State,Mid-American,0.998,0.793,0.752
2015,Kentucky,SEC,0.998,0.797,0.818
2015,Louisiana,Sun Belt,0.074,0.429,0.369
2015,Louisiana Monroe,Sun Belt,0.044,0.282,0.297
2015,Louisiana Tech,Conference USA,0.025,0.864,0.519
2015,Louisville,ACC,0.965,0.518,0.619
2015,LSU,SEC,0.993,0.645,0.77
2015,Marshall,Conference USA,0.049,0.612,0.347
2015,Maryland,Big Ten,0.107,0.601,0.34
2015,Memphis,American Athletic,0.984,0.642,0.769
2015,Miami,ACC,0.954,0.971,0.844
2015,Miami (OH),Mid-American,0.02,0.319,0.266
2015,Michigan,Big Ten,0.12,0.662,0.434
2015,Michigan State,Big Ten,0.995,0.308,0.576
2015,Middle Tennessee,Conference USA,0.997,0.759,0.8
2015,Minnesota,Big Ten,0.978,0.33,0.495
2015,Mississippi State,SEC,0.998,0.554,0.703
2015,Missouri,SEC,0.991,0.643,0.649
2015,Navy,FBS Independents,0.993,0.66,0.702
2015,NC State,ACC,0.98,0.821,0.804
2015,Nebraska,Big Ten,0.989,0.53,0.696
2015,Nevada,Mountain West,0.005,0.686,0.442
2015,New Mexico,Mountain West,0.925,0.858,0.847
2015,New Mexico State,Sun Belt,1.0,0.859,0.836
2015,North Carolina,ACC,0.998,1.0,0.95
2015,Northern Illinois,Mid-American,0.937,0.566,0.668
2015,North Texas,Conference USA,0.747,0.499,0.64
2015,Northwestern,Big Ten,0.117,0.736,0.442
2015,Notre Dame,FBS Independents,0.074,0.51,0.407
2015,Ohio,Mid-American,0.997,0.954,0.897
2015,Ohio State,Big Ten,0.982,0.961,0.913
2015,Oklahoma,Big 12,0.997,0.832,0.866
2015,Oklahoma State,Big 12,0.301,0.263,0.443
2015,Old Dominion,Conference USA,0.007,0.428,0.341
2015,Ole Miss,SEC,0.075,0.539,0.445
2015,Oregon,Pac-12,0.086,0.772,0.56
2015,Oregon State,Pac-12,0.002,0.222,0.203
2015,Penn State,Big Ten,0.978,0.525,0.789
2015,Pittsburgh,ACC,0.948,0.917,0.875
2015,Purdue,Big Ten,0.618,0.22,0.449
2015,Rice,Conference USA,0.995,0.998,0.899
2015,Rutgers,Big Ten,0.078,0.941,0.609
2015,San Diego State,Mountain West,0.121,0.965,0.62
2015,San José State,Mountain West,0.764,0.86,0.806
2015,SMU,American Athletic,0.798,0.803,0.753
2015,South Alabama,Sun Belt,0.264,0.419,0.363
2015,South Carolina,SEC,0.043,0.444,0.284
2015,Southern Mississippi,Conference USA,0.786,0.97,0.816
2015,South Florida,American Athletic,0.333,0.953,0.584
2015,Stanford,Pac-12,0.94,0.719,0.774
2015,Syracuse,ACC,0.941,0.449,0.638
2015,TCU,Big 12,0.949,0.774,0.842
2015,Temple,American Athletic,0.948,0.544,0.699
2015,Tennessee,SEC,0.393,0.636,0.602
2015,Texas,Big 12,0.916,0.571,0.63
2015,Texas A&M,SEC,0.379,0.694,0.594
2015,Texas State,Sun Belt,0.998,0.771,0.802
2015,Texas Tech,Big 12,0.94,0.961,0.877
2015,Toledo,Mid-American,0.955,0.931,0.912
2015,Troy,Sun Belt,0.995,0.77,0.797
2015,Tulane,American Athletic,0.823,0.891,0.781
2015,Tulsa,American Athletic,1.0,1.0,0.986
2015,UAB,Conference USA,0.0,0.0,0.001
2015,UCF,American Athletic,0.984,0.812,0.698
2015,UCLA,Pac-12,0.12,0.721,0.516
2015,UMass,Mid-American,0.998,0.853,0.885
2015,UNLV,Mountain West,0.817,0.675,0.677
2015,USC,Pac-12,0.988,0.367,0.567
2015,Utah,Pac-12,0.99,0.99,0.873
2015,Utah State,Mountain West,0.553,0.486,0.523
2015,UTEP,Conference USA,0.017,0.645,0.397
2015,UT San Antonio,Conference USA,0.536,0.349,0.423
2015,Vanderbilt,SEC,0.64,0.856,0.767
2015,Virginia,ACC,0.376,0.238,0.376
2015,Virginia Tech,ACC,0.981,0.989,0.936
2015,Wake Forest,ACC,0.954,0.728,0.744
2015,Washington,Pac-12,0.028,0.642,0.463
2015,Washington State,Pac-12,0.323,0.823,0.459
2015,Western Kentucky,Conference USA,0.993,0.983,0.882
2015,Western Michigan,Mid-American,1.0,0.847,0.929
2015,West Virginia,Big 12,0.212,0.672,0.421
2015,Wisconsin,Big Ten,0.994,0.418,0.623
2015,Wyoming,Mountain West,0.029,0.888,0.493
2016,Air Force,Mountain West,0.145,0.741,0.625
2016,Akron,Mid-American,0.924,0.323,0.548
2016,Alabama,SEC,0.112,0.124,0.279
2016,Appalachian State,Sun Belt,0.986,0.952,0.862
2016,Arizona,Pac-12,0.805,0.551,0.601
2016,Arizona State,Pac-12,0.007,0.737,0.39
2016,Arkansas,SEC,0.028,0.269,0.3
2016,Arkansas State,Sun Belt,0.0,0.434,0.301
2016,Army,FBS Independents,0.664,0.472,0.521
2016,Auburn,SEC,1.0,0.225,0.488
2016,Ball State,Mid-American,1.0,0.998,0.952
2016,Baylor,Big 12,0.555,0.704,0.605
2016,Boise State,Mountain West,0.86,0.721,0.771
2016,Boston College,ACC,0.996,0.848,0.869
2016,Bowling Green,Mid-American,0.677,0.99,0.483
2016,Buffalo,Mid-American,0.0,0.489,0.266
2016,BYU,FBS Independents,0.996,0.724,0.748
2016,California,Pac-12,0.038,0.706,0.283
2016,Central Michigan,Mid-American,0.996,0.7,0.853
2016,Charlotte,Conference USA,1.0,0.712,0.833
2016,Cincinnati,American Athletic,0.977,0.705,0.643
2016,Clemson,ACC,0.994,0.899,0.89
2016,Colorado,Pac-12,0.759,0.674,0.701
2016,Colorado State,Mountain West,0.877,0.595,0.611
2016,Connecticut,American Athletic,0.835,0.922,0.887
2016,Duke,ACC,0.99,0.752,0.753
2016,East Carolina,American Athletic,0.215,0.444,0.392
2016,Eastern Michigan,Mid-American,0.833,0.39,0.583
2016,Florida,SEC,0.016,0.22,0.218
2016,Florida Atlantic,Conference USA,0.398,0.498,0.489
2016,Florida International,Conference USA,0.958,0.854,0.827
2016,Florida State,ACC,0.476,0.848,0.749
2016,Fresno State,Mountain West,0.133,0.089,0.286
2016,Georgia,SEC,0.897,0.838,0.802
2016,Georgia Southern,Sun Belt,1.0,0.965,0.927
2016,Georgia State,Sun Belt,0.025,0.872,0.505
2016,Georgia Tech,ACC,0.995,0.78,0.855
2016,Hawai'i,Mountain West,0.389,0.946,0.712
2016,Houston,American Athletic,0.963,0.398,0.615
2016,Idaho,Sun Belt,0.809,0.364,0.603
2016,Illinois,Big Ten,0.994,0.558,0.71
2016,Indiana,Big Ten,0.123,0.543,0.47
2016,Iowa,Big Ten,0.995,0.641,0.744
2016,Iowa State,Big 12,0.498,0.707,0.573
2016,Kansas,Big 12,0.998,0.605,0.759
2016,Kansas State,Big 12,0.779,0.87,0.775
2016,Kent State,Mid-American,1.0,0.67,0.828
2016,Kentucky,SEC,0.175,0.876,0.648
2016,Louisiana,Sun Belt,0.473,0.695,0.625
2016,Louisiana Monroe,Sun Belt,0.721,0.497,0.658
2016,Louisiana Tech,Conference USA,0.069,0.27,0.307
2016,Louisville,ACC,1.0,0.98,0.992
2016,LSU,SEC,0.993,0.998,0.956
2016,Marshall,Conference USA,0.818,0.581,0.655
2016,Maryland,Big Ten,0.946,0.615,0.799
2016,Memphis,American Athletic,0.004,0.489,0.336
2016,Miami,ACC,0.994,0.987,0.866
2016,Miami (OH),Mid-American,0.677,0.944,0.841
2016,Michigan,Big Ten,0.085,0.67,0.531
2016,Michigan State,Big Ten,0.078,0.89,0.46
2016,Middle Tennessee,Conference USA,0.975,0.63,0.737
2016,Minnesota,Big Ten,1.0,0.9,0.949
2016,Mississippi State,SEC,0.042,0.663,0.397
2016,Missouri,SEC,0.72,0.439,0.623
2016,Navy,American Athletic,0.038,0.168,0.203
2016,NC State,ACC,0.043,0.727,0.525
2016,Nebraska,Big Ten,0.998,0.666,0.846
2016,Nevada,Mountain West,0.997,0.56,0.789
2016,New Mexico,Mountain West,0.992,0.714,0.758
2016,New Mexico State,Sun Belt,0.519,0.805,0.574
2016,North Carolina,ACC,0.134,0.636,0.471
2016,Northern Illinois,Mid-American,0.887,0.962,0.87
2016,North Texas,Conference USA,0.002,0.241,0.133
2016,Northwestern,Big Ten,0.844,0.993,0.848
2016,Notre Dame,FBS Independents,0.992,0.636,0.688
2016,Ohio,Mid-American,0.1,0.56,0.453
2016,Ohio State,Big Ten,0.439,0.234,0.285
2016,Oklahoma,Big 12,0.9,0.91,0.805
2016,Oklahoma State,Big 12,0.858,0.68,0.753
2016,Old Dominion,Conference USA,1.0,0.992,0.968
2016,Ole Miss,SEC,0.965,0.642,0.723
2016,Oregon,Pac-12,0.046,0.812,0.514
2016,Oregon State,Pac-12,0.661,0.663,0.688
2016,Penn State,Big Ten,0.104,0.765,0.521
2016,Pittsburgh,ACC,0.911,0.762,0.723
2016,Purdue,Big Ten,0.588,0.875,0.711
2016,Rice,Conference USA,0.138,0.782,0.545
2016,Rutgers,Big Ten,0.986,0.772,0.828
2016,San Diego State,Mountain West,0.198,0.625,0.538
2016,San José State,Mountain West,0.7,0.283,0.5
2016,SMU,American Athletic,0.995,0.851,0.89
2016,South Alabama,Sun Belt,0.09,0.716,0.449
2016,South Carolina,SEC,0.893,0.46,0.564
2016,Southern Mississippi,Conference USA,0.98,0.415,0.613
2016,South Florida,American Athletic,0.921,0.982,0.949
2016,Stanford,Pac-12,0.048,0.657,0.478
2016,Syracuse,ACC,0.991,0.869,0.914
2016,TCU,Big 12,0.077,0.279,0.295
2016,Temple,American Athletic,0.991,0.965,0.831
2016,Tennessee,SEC,0.997,0.961,0.909
2016,Texas,Big 12,1.0,0.732,0.773
2016,Texas A&M,SEC,0.175,0.205,0.396
2016,Texas State,Sun Belt,0.998,0.441,0.527
2016,Texas Tech,Big 12,0.928,0.421,0.696
2016,Toledo,Mid-American,0.021,0.958,0.579
2016,Troy,Sun Belt,0.778,0.343,0.533
2016,Tulane,American Athletic,0.005,0.735,0.411
2016,Tulsa,American Athletic,0.994,0.627,0.691
2016,UCF,American Athletic,0.597,0.93,0.784
2016,UCLA,Pac-12,0.958,0.413,0.616
2016,UMass,Mid-American,0.048,0.56,0.226
2016,UNLV,Mountain West,0.445,0.524,0.543
2016,USC,Pac-12,0.04,0.761,0.543
2016,Utah,Pac-12,0.008,0.221,0.232
2016,Utah State,Mountain West,0.506,0.862,0.642
2016,UTEP,Conference USA,0.994,0.577,0.769
2016,UT San Antonio,Conference USA,0.608,0.857,0.689
2016,Vanderbilt,SEC,0.295,0.887,0.65
2016,Virginia,ACC,0.998,0.985,0.877
2016,Virginia Tech,ACC,0.443,0.739,0.675
2016,Wake Forest,ACC,0.998,1.0,0.927
2016,Washington,Pac-12,0.993,0.83,0.767
2016,Washington State,Pac-12,0.878,0.996,0.836
2016,Western Kentucky,Conference USA,0.031,0.84,0.415
2016,Western Michigan,Mid-American,1.0,0.998,0.87
2016,West Virginia,Big 12,1.0,0.554,0.754
2016,Wisconsin,Big Ten,0.12,0.89,0.512
2016,Wyoming,Mountain West,0.216,0.909,0.7
2017,Air Force,Mountain West,0.987,0.482,0.556
2017,Akron,Mid-American,0.9,0.81,0.726
2017,Alabama,SEC,0.9,0.869,0.791
2017,Appalachian State,Sun Belt,0.969,0.673,0.729
2017,Arizona,Pac-12,0.839,0.813,0.745
2017,Arizona State,Pac-12,0.996,0.986,0.875
2017,Arkansas,SEC,0.982,0.368,0.544
2017,Arkansas State,Sun Belt,0.826,0.772,0.77
2017,Army,FBS Independents,0.984,0.867,0.84
2017,Auburn,SEC,0.017,0.775,0.552
2017,Ball State,Mid-American,0.996,0.895,0.772
2017,Baylor,Big 12,0.423,0.616,0.493
2017,Boise State,Mountain West,0.974,0.246,0.536
2017,Boston College,ACC,0.072,0.693,0.555
2017,Bowling Green,Mid-American,0.703,0.547,0.634
2017,Buffalo,Mid-American,0.77,0.431,0.552
2017,BYU,FBS Independents,0.1,0.231,0.255
2017,California,Pac-12,0.014,0.571,0.351
2017,Central Michigan,Mid-American,0.018,0.52,0.418
2017,Charlotte,Conference USA,0.584,0.428,0.527
2017,Cincinnati,American Athletic,0.729,0.47,0.613
2017,Clemson,ACC,0.031,0.262,0.229
2017,Colorado,Pac-12,0.319,0.753,0.671
2017,Colorado State,Mountain West,0.91,0.934,0.873
2017,Connecticut,American Athletic,0.95,0.769,0.73
2017,Duke,ACC,1.0,0.655,0.809
2017,East Carolina,American Athletic,0.359,0.419,0.42
2017,Eastern Michigan,Mid-American,0.723,0.916,0.831
2017,Florida,SEC,0.485,0.868,0.727
2017,Florida Atlantic,Conference USA,1.0,0.982,0.965
2017,Florida International,Conference USA,0.998,0.997,0.931
2017,Florida State,ACC,0.958,0.34,0.562
2017,Fresno State,Mountain West,0.791,0.34,0.609
2017,Georgia,SEC,0.956,0.947,0.895
2017,Georgia Southern,Sun Belt,0.025,0.247,0.2
2017,Georgia State,Sun Belt,0.998,1.0,0.855
2017,Georgia Tech,ACC,0.07,0.305,0.347
2017,Hawai'i,Mountain West,0.758,0.546,0.634
2017,Houston,American Athletic,0.112,0.671,0.486
2017,Idaho,Sun Belt,0.966,0.954,0.81
2017,Illinois,Big Ten,0.347,0.761,0.541
2017,Indiana,Big Ten,0.961,0.401,0.609
2017,Iowa,Big Ten,0.027,0.402,0.264
2017,Iowa State,Big 12,1.0,0.957,0.944
2017,Kansas,Big 12,0.341,0.481,0.435
2017,Kansas State,Big 12,0.875,0.756,0.789
2017,Kent State,Mid-American,0.916,0.97,0.903
2017,Kentucky,SEC,0.997,0.392,0.654
2017,Louisiana,Sun Belt,0.019,0.315,0.252
2017,Louisiana Monroe,Sun Belt,1.0,0.986,0.905
2017,Louisiana Tech,Conference USA,0.004,0.783,0.331
2017,Louisville,ACC,0.933,0.672,0.699
2017,LSU,SEC,0.898,0.7,0.685
2017,Marshall,Conference USA,1.0,0.989,0.74
2017,Maryland,Big Ten,0.311,0.554,0.422
2017,Memphis,American Athletic,0.935,0.921,0.9
2017,Miami,ACC,0.013,0.558,0.324
2017,Miami (OH),Mid-American,0.85,0.883,0.854
2017,Michigan,Big Ten,0.972,0.569,0.619
2017,Michigan State,Big Ten,0.269,0.795,0.441
2017,Middle Tennessee,Conference USA,0.99,0.367,0.724
2017,Minnesota,Big Ten,0.053,0.802,0.511
2017,Mississippi State,SEC,0.872,0.756,0.758
2017,Missouri,SEC,0.974,0.836,0.881
2017,Navy,American Athletic,0.25,0.313,0.295
2017,NC State,ACC,1.0,0.444,0.72
2017,Nebraska,Big Ten,0.017,0.349,0.241
2017,Nevada,Mountain West,0.43,0.307,0.382
2017,New Mexico,Mountain West,0.429,0.679,0.615
2017,New Mexico State,Sun Belt,0.991,0.659,0.835
2017,North Carolina,ACC,0.029,0.063,0.127
2017,Northern Illinois,Mid-American,0.406,0.399,0.399
2017,North Texas,Conference USA,0.607,0.498,0.477
2017,Northwestern,Big Ten,0.992,0.991,0.872
2017,Notre Dame,FBS Independents,0.012,0.501,0.388
2017,Ohio,Mid-American,0.372,0.714,0.51
2017,Ohio State,Big Ten,0.979,0.79,0.766
2017,Oklahoma,Big 12,0.975,0.26,0.526
2017,Oklahoma State,Big 12,0.99,0.601,0.762
2017,Old Dominion,Conference USA,0.06,0.845,0.536
2017,Ole Miss,SEC,0.331,0.414,0.369
2017,Oregon,Pac-12,0.627,0.87,0.658
2017,Oregon State,Pac-12,0.541,0.721,0.636
2017,Penn State,Big Ten,0.993,0.996,0.925
2017,Pittsburgh,ACC,0.022,0.452,0.365
2017,Purdue,Big Ten,0.983,0.93,0.779
2017,Rice,Conference USA,0.164,0.427,0.313
2017,Rutgers,Big Ten,0.537,0.582,0.532
2017,San Diego State,Mountain West,0.992,0.407,0.609
2017,San José State,Mountain West,0.175,0.293,0.325
2017,SMU,American Athletic,0.934,0.919,0.891
2017,South Alabama,Sun Belt,0.989,0.596,0.628
2017,South Carolina,SEC,0.49,0.686,0.695
2017,Southern Mississippi,Conference USA,0.123,0.893,0.578
2017,South Florida,American Athletic,0.991,0.645,0.731
2017,Stanford,Pac-12,1.0,0.455,0.65
2017,Syracuse,ACC,0.949,0.911,0.805
2017,TCU,Big 12,0.89,0.783,0.872
2017,Temple,American Athletic,0.025,0.53,0.429
2017,Tennessee,SEC,0.048,0.247,0.247
2017,Texas,Big 12,0.974,0.326,0.639
2017,Texas A&M,SEC,0.235,0.744,0.466
2017,Texas State,Sun Belt,0.004,0.085,0.238
2017,Texas Tech,Big 12,0.1,0.66,0.402
2017,Toledo,Mid-American,0.995,0.362,0.606
2017,Troy,Sun Belt,1.0,0.997,0.986
2017,Tulane,American Athletic,1.0,0.795,0.862
2017,Tulsa,American Athletic,0.009,0.46,0.299
2017,UCF,American Athletic,0.738,0.582,0.684
2017,UCLA,Pac-12,0.48,0.932,0.67
2017,UMass,FBS Independents,0.996,0.833,0.848
2017,UNLV,Mountain West,0.693,0.789,0.773
2017,USC,Pac-12,0.787,0.743,0.67
2017,Utah,Pac-12,1.0,0.531,0.673
2017,Utah State,Mountain West,1.0,0.772,0.744
2017,UTEP,Conference USA,0.979,0.328,0.582
2017,UT San Antonio,Conference USA,0.854,0.538,0.712
2017,Vanderbilt,SEC,0.969,0.904,0.943
2017,Virginia,ACC,0.845,0.155,0.551
2017,Virginia Tech,ACC,0.008,0.366,0.249
2017,Wake Forest,ACC,0.901,0.954,0.947
2017,Washington,Pac-12,0.986,0.977,0.872
2017,Washington State,Pac-12,0.996,0.982,0.847
2017,Western Kentucky,Conference USA,0.905,0.44,0.558
2017,Western Michigan,Mid-American,0.005,0.827,0.421
2017,West Virginia,Big 12,0.016,0.581,0.337
2017,Wisconsin,Big Ten,0.558,0.317,0.461
2017,Wyoming,Mountain West,0.997,0.242,0.465
2018,Air Force,Mountain West,0.878,0.688,0.72
2018,Akron,Mid-American,0.394,0.481,0.375
2018,Alabama,SEC,0.983,0.773,0.756
2018,Appalachian State,Sun Belt,0.034,0.709,0.455
2018,Arizona,Pac-12,0.622,0.552,0.632
2018,Arizona State,Pac-12,0.991,0.302,0.694
2018,Arkansas,SEC,0.449,0.678,0.653
2018,Arkansas State,Sun Belt,0.989,0.697,0.742
2018,Army,FBS Independents,0.364,0.659,0.63
2018,Auburn,SEC,0.995,0.401,0.704
2018,Ball State,Mid-American,0.452,0.923,0.776
2018,Baylor,Big 12,0.445,0.732,0.689
2018,Boise State,Mountain West,0.768,0.552,0.602
2018,Boston College,ACC,0.705,0.627,0.698
2018,Bowling Green,Mid-American,0.497,0.376,0.414
2018,Buffalo,Mid-American,0.745,0.95,0.811
2018,BYU,FBS Independents,0.955,0.689,0.836
2018,California,Pac-12,1.0,0.647,0.824
2018,Central Michigan,Mid-American,0.049,0.836,0.384
2018,Charlotte,Conference USA,0.904,0.85,0.78
2018,Cincinnati,American Athletic,0.973,0.655,0.765
2018,Clemson,ACC,0.852,0.866,0.779
2018,Coastal Carolina,Sun Belt,0.401,0.495,0.485
2018,Colorado,Pac-12,0.989,0.289,0.521
2018,Colorado State,Mountain West,0.0,0.404,0.232
2018,Connecticut,American Athletic,0.374,0.476,0.547
2018,Duke,ACC,0.992,0.677,0.835
2018,East Carolina,American Athletic,0.004,0.475,0.282
2018,Eastern Michigan,Mid-American,0.045,0.931,0.419
2018,Florida,SEC,0.744,0.782,0.721
2018,Florida Atlantic,Conference USA,0.013,0.619,0.458
2018,Florida International,Conference USA,0.115,0.476,0.343
2018,Florida State,ACC,0.952,0.962,0.874
2018,Fresno State,Mountain West,0.811,0.963,0.862
2018,Georgia,SEC,0.944,0.385,0.597
2018,Georgia Southern,Sun Belt,1.0,0.737,0.76
2018,Georgia State,Sun Belt,0.04,0.353,0.332
2018,Georgia Tech,ACC,0.978,0.909,0.867
2018,Hawai'i,Mountain West,0.02,0.068,0.131
2018,Houston,American Athletic,0.346,0.36,0.32
2018,Idaho,Sun Belt,0.27,0.372,0.299
2018,Illinois,Big Ten,0.005,0.518,0.368
2018,Indiana,Big Ten,0.414,0.524,0.483
2018,Iowa,Big Ten,0.989,0.23,0.598
2018,Iowa State,Big 12,0.655,0.873,0.657
2018,Kansas,Big 12,1.0,0.744,0.845
2018,Kansas State,Big 12,0.623,0.84,0.724
2018,Kent State,Mid-American,0.201,0.729,0.594
2018,Kentucky,SEC,0.017,0.823,0.471
2018,Louisiana,Sun Belt,0.487,0.727,0.703
2018,Louisiana Monroe,Sun Belt,0.847,0.801,0.81
2018,Louisiana Tech,Conference USA,1.0,0.353,0.684
2018,Louisville,ACC,0.077,0.192,0.302
2018,LSU,SEC,0.085,0.102,0.158
2018,Marshall,Conference USA,0.0,0.858,0.523
2018,Maryland,Big Ten,0.851,0.957,0.792
2018,Memphis,American Athletic,0.016,0.776,0.4
2018,Miami,ACC,0.967,0.847,0.803
2018,Miami (OH),Mid-American,0.702,0.963,0.756
2018,Michigan,Big Ten,0.31,0.664,0.561
2018,Michigan State,Big Ten,0.982,0.66,0.817
2018,Middle Tennessee,Conference USA,0.51,0.894,0.71
2018,Minnesota,Big Ten,0.0,0.658,0.491
2018,Mississippi State,SEC,0.991,0.998,0.89
2018,Missouri,SEC,1.0,0.594,0.729
2018,Navy,American Athletic,0.969,0.7,0.706
2018,NC State,ACC,0.986,0.381,0.689
2018,Nebraska,Big Ten,0.002,0.914,0.483
2018,Nevada,Mountain West,0.934,0.991,0.853
2018,New Mexico,Mountain West,0.586,0.447,0.526
2018,New Mexico State,Sun Belt,0.116,0.26,0.287
2018,North Carolina,ACC,0.814,0.931,0.831
2018,Northern Illinois,Mid-American,0.748,0.595,0.621
2018,North Texas,Conference USA,0.998,0.559,0.801
2018,Northwestern,Big Ten,0.955,0.368,0.641
2018,Notre Dame,FBS Independents,0.984,0.45,0.615
2018,Ohio,Mid-American,0.997,0.768,0.809
2018,Ohio State,Big Ten,0.156,0.617,0.525
2018,Oklahoma,Big 12,0.07,0.687,0.441
2018,Oklahoma State,Big 12,0.033,0.87,0.445
2018,Old Dominion,Conference USA,0.946,0.67,0.761
2018,Ole Miss,SEC,0.404,0.435,0.526
2018,Oregon,Pac-12,0.913,0.401,0.616
2018,Oregon State,Pac-12,0.381,0.221,0.383
2018,Penn State,Big Ten,0.982,0.448,0.631
2018,Pittsburgh,ACC,0.182,0.642,0.449
2018,Purdue,Big Ten,1.0,0.958,0.902
2018,Rice,Conference USA,0.67,0.745,0.695
2018,Rutgers,Big Ten,0.542,0.278,0.412
2018,San Diego State,Mountain West,1.0,0.419,0.564
2018,San José State,Mountain West,0.964,0.986,0.97
2018,SMU,American Athletic,0.972,0.918,0.754
2018,South Alabama,Sun Belt,0.574,0.484,0.649
2018,South Carolina,SEC,0.995,0.975,0.94
2018,Southern Mississippi,Conference USA,0.615,0.338,0.406
2018,South Florida,American Athletic,0.044,0.082,0.161
2018,Stanford,Pac-12,0.579,0.959,0.809
2018,Syracuse,ACC,0.838,0.945,0.723
2018,TCU,Big 12,0.079,0.531,0.366
2018,Temple,American Athletic,0.456,0.617,0.537
2018,Tennessee,SEC,0.602,0.457,0.537
2018,Texas,Big 12,0.996,0.822,0.824
2018,Texas A&M,SEC,0.958,0.572,0.69
2018,Texas State,Sun Belt,0.146,0.775,0.486
2018,Texas Tech,Big 12,0.091,0.423,0.224
2018,Toledo,Mid-American,0.029,0.468,0.439
2018,Troy,Sun Belt,0.034,0.249,0.237
2018,Tulane,American Athletic,0.933,0.429,0.666
2018,Tulsa,American Athletic,0.997,0.453,0.686
2018,UAB,Conference USA,1.0,0.946,0.939
2018,UCF,American Athletic,0.924,0.818,0.79
2018,UCLA,Pac-12,0.152,0.768,0.422
2018,UMass,FBS Independents,0.998,0.997,0.921
2018,UNLV,Mountain West,0.66,0.897,0.773
2018,USC,Pac-12,0.027,0.354,0.269
2018,Utah,Pac-12,0.745,0.873,0.688
2018,Utah State,Mountain West,0.525,0.477,0.56
2018,UTEP,Conference USA,0.55,0.663,0.656
2018,UT San Antonio,Conference USA,0.033,0.426,0.272
2018,Vanderbilt,SEC,0.99,0.301,0.601
2018,Virginia,ACC,0.016,0.827,0.413
2018,Virginia Tech,ACC,0.956,0.76,0.773
2018,Wake Forest,ACC,0.128,0.702,0.481
2018,Washington,Pac-12,0.962,0.776,0.774
2018,Washington State,Pac-12,0.008,0.383,0.332
2018,Western Kentucky,Conference USA,0.024,0.739,0.356
2018,Western Michigan,Mid-American,0.657,0.455,0.584
2018,West Virginia,Big 12,0.785,0.545,0.66
2018,Wisconsin,Big Ten,1.0,0.917,0.882
2018,Wyoming,Mountain West,0.225,0.732,0.608
2019,Air Force,Mountain West,0.885,0.559,0.581
2019,Akron,Mid-American,1.0,0.416,0.689
2019,Alabama,SEC,0.825,0.422,0.632
2019,Appalachian State,Sun Belt,0.923,0.793,0.839
2019,Arizona,Pac-12,0.994,0.944,0.79
2019,Arizona State,Pac-12,0.005,0.752,0.462
2019,Arkansas,SEC,0.028,0.7,0.466
2019,Arkansas State,Sun Belt,0.041,0.358,0.331
2019,Army,FBS Independents,0.959,0.48,0.542
2019,Auburn,SEC,0.02,0.803,0.447
2019,Ball State,Mid-American,0.3,0.461,0.484
2019,Baylor,Big 12,0.81,0.836,0.797
2019,Boise State,Mountain West,0.026,0.229,0.225
2019,Boston College,ACC,0.84,0.874,0.799
2019,Bowling Green,Mid-American,0.028,0.639,0.373
2019,Buffalo,Mid-American,0.025,0.726,0.353
2019,BYU,FBS Independents,0.52,0.442,0.543
2019,California,Pac-12,0.632,0.301,0.406
2019,Central Michigan,Mid-American,0.992,0.965,0.863
2019,Charlotte,Conference USA,0.9,0.905,0.829
2019,Cincinnati,American Athletic,0.863,0.945,0.861
2019,Clemson,ACC,0.882,0.641,0.752
2019,Coastal Carolina,Sun Belt,0.508,0.379,0.471
2019,Colorado,Pac-12,0.996,0.322,0.679
2019,Colorado State,Mountain West,0.423,0.421,0.396
2019,Connecticut,American Athletic,0.011,0.58,0.309
2019,Duke,ACC,0.167,0.769,0.391
2019,East Carolina,American Athletic,0.974,0.737,0.735
2019,Eastern Michigan,Mid-American,0.291,0.703,0.554
2019,Florida,SEC,0.997,0.727,0.854
2019,Florida Atlantic,Conference USA,0.827,0.164,0.48
2019,Florida International,Conference USA,0.859,0.736,0.801
2019,Florida State,ACC,0.132,0.506,0.421
2019,Fresno State,Mountain West,0.029,0.779,0.416
2019,Georgia,SEC,0.836,0.61,0.601
2019,Georgia Southern,Sun Belt,0.992,0.51,0.581
2019,Georgia State,Sun Belt,0.821,0.841,0.773
2019,Georgia Tech,ACC,0.156,0.59,0.506
2019,Hawai'i,Mountain West,0.98,0.936,0.799
2019,Houston,American Athletic,0.99,0.847,0.892
2019,Illinois,Big Ten,0.026,0.647,0.463
2019,Indiana,Big Ten,0.98,0.952,0.871
2019,Iowa,Big Ten,0.988,0.94,0.811
2019,Iowa State,Big 12,0.584,0.37,0.47
2019,Kansas,Big 12,0.178,0.931,0.504
2019,Kansas State,Big 12,0.699,0.187,0.396
2019,Kent State,Mid-American,0.998,0.711,0.84
2019,Kentucky,SEC,0.906,0.393,0.568
2019,Liberty,FBS Independents,0.983,0.872,0.872
2019,Louisiana,Sun Belt,0.175,0.896,0.593
2019,Louisiana Monroe,Sun Belt,1.0,0.607,0.692
2019,Louisiana Tech,Conference USA,1.0,0.787,0.791
2019,Louisville,ACC,0.927,0.604,0.728
2019,LSU,SEC,1.0,0.516,0.731
2019,Marshall,Conference USA,0.998,0.607,0.703
2019,Maryland,Big Ten,0.311,0.748,0.587
2019,Memphis,American Athletic,0.963,0.469,0.677
2019,Miami,ACC,0.556,0.426,0.524
2019,Miami (OH),Mid-American,0.003,0.358,0.319
2019,Michigan,Big Ten,0.986,0.374,0.618
2019,Michigan State,Big Ten,1.0,0.769,0.861
2019,Middle Tennessee,Conference USA,0.049,0.617,0.372
2019,Minnesota,Big Ten,1.0,0.988,0.993
2019,Mississippi State,SEC,0.126,0.378,0.384
2019,Missouri,SEC,0.032,0.642,0.454
2019,Navy,American Athletic,0.209,0.461,0.441
2019,NC State,ACC,0.009,0.338,0.248
2019,Nebraska,Big Ten,1.0,0.54,0.703
2019,Nevada,Mountain West,0.108,0.891,0.548
2019,New Mexico,Mountain West,0.78,0.443,0.589
2019,New Mexico State,FBS Independents,0.976,0.929,0.857
2019,North Carolina,ACC,0.05,0.627,0.423
2019,Northern Illinois,Mid-American,0.998,0.957,0.84
2019,North Texas,Conference USA,0.957,0.892,0.86
2019,Northwestern,Big Ten,0.065,0.602,0.347
2019,Notre Dame,FBS Independents,0.748,0.549,0.617
2019,Ohio,Mid-American,0.884,0.281,0.458
2019,Ohio State,Big Ten,0.015,0.483,0.324
2019,Oklahoma,Big 12,0.024,0.652,0.424
2019,Oklahoma State,Big 12,0.013,0.324,0.312
2019,Old Dominion,Conference USA,0.188,0.544,0.296
2019,Ole Miss,SEC,0.053,0.734,0.33
2019,Oregon,Pac-12,0.975,0.857,0.828
2019,Oregon State,Pac-12,0.626,0.914,0.761
2019,Penn State,Big Ten,0.029,0.129,0.198
2019,Pittsburgh,ACC,0.994,0.32,0.584
2019,Purdue,Big Ten,0.091,0.138,0.258
2019,Rice,Conference USA,0.342,0.362,0.391
2019,Rutgers,Big Ten,0.783,0.681,0.732
2019,San Diego State,Mountain West,0.711,0.967,0.788
2019,San José State,Mountain West,0.638,0.669,0.564
2019,SMU,American Athletic,0.198,0.55,0.503
2019,South Alabama,Sun Belt,0.066,0.622,0.386
2019,South Carolina,SEC,0.874,0.804,0.772
2019,Southern Mississippi,Conference USA,0.995,0.822,0.916
2019,South Florida,American Athletic,0.789,0.838,0.732
2019,Stanford,Pac-12,1.0,0.535,0.643
2019,Syracuse,ACC,0.223,0.498,0.434
2019,TCU,Big 12,0.338,0.79,0.595
2019,Temple,American Athletic,0.825,0.349,0.585
2019,Tennessee,SEC,0.837,0.875,0.871
2019,Texas,Big 12,0.894,0.62,0.684
2019,Texas A&M,SEC,0.947,0.385,0.667
2019,Texas State,Sun Belt,0.613,0.702,0.643
2019,Texas Tech,Big 12,0.899,0.516,0.626
2019,Toledo,Mid-American,1.0,0.758,0.712
2019,Troy,Sun Belt,0.39,0.788,0.518
2019,Tulane,American Athletic,0.498,0.882,0.689
2019,Tulsa,American Athletic,0.636,0.863,0.744
2019,UAB,Conference USA,0.397,0.78,0.546
2019,UCF,American Athletic,0.993,0.867,0.87
2019,UCLA,Pac-12,0.44,0.838,0.65
2019,UMass,FBS Independents,0.094,0.148,0.225
2019,UNLV,Mountain West,1.0,0.387,0.696
2019,USC,Pac-12,0.93,0.656,0.845
2019,Utah,Pac-12,0.998,0.758,0.87
2019,Utah State,Mountain West,0.996,0.443,0.595
2019,UTEP,Conference USA,0.785,0.915,0.68
2019,UT San Antonio,Conference USA,0.681,0.614,0.627
2019,Vanderbilt,SEC,0.016,0.655,0.476
2019,Virginia,ACC,0.997,0.499,0.668
2019,Virginia Tech,ACC,0.86,0.623,0.707
2019,Wake Forest,ACC,0.996,0.734,0.759
2019,Washington,Pac-12,0.007,0.387,0.387
2019,Washington State,Pac-12,0.023,0.29,0.316
2019,Western Kentucky,Conference USA,0.765,0.777,0.783
2019,Western Michigan,Mid-American,1.0,0.531,0.668
2019,West Virginia,Big 12,0.117,0.931,0.476
2019,Wisconsin,Big Ten,0.26,0.739,0.652
2019,Wyoming,Mountain West,0.997,0.402,0.608
2020,Air Force,Mountain West,0.0,0.0,0.0
2020,Akron,Mid-American,0.93,0.588,0.811
2020,Alabama,SEC,0.368,0.877,0.593
2020,Appalachian State,Sun Belt,0.992,0.557,0.757
2020,Arizona,Pac-12,0.373,0.458,0.516
2020,Arizona State,Pac-12,0.893,0.278,0.511
2020,Arkansas,SEC,0.222,0.726,0.505
2020,Arkansas State,Sun Belt,0.988,0.929,0.8
2020,Army,FBS Independents,0.4,0.498,0.515
2020,Auburn,SEC,0.98,0.496,0.71
2020,Ball State,Mid-American,1.0,0.707,0.776
2020,Baylor,Big 12,0.994,0.755,0.781
2020,Boise State,Mountain West,0.688,0.861,0.73
2020,Boston College,ACC,0.559,0.438,0.514
2020,Bowling Green,Mid-American,0.394,0.808,0.723
2020,Buffalo,Mid-American,1.0,1.0,1.0
2020,BYU,FBS Independents,0.963,0.689,0.728
2020,California,Pac-12,0.081,0.01,0.067
2020,Central Michigan,Mid-American,1.0,0.641,0.862
2020,Charlotte,Conference USA,0.91,0.466,0.696
2020,Cincinnati,American Athletic,0.993,0.464,0.612
2020,Clemson,ACC,0.833,0.972,0.849
2020,Coastal Carolina,Sun Belt,1.0,0.819,0.82
2020,Colorado,Pac-12,0.007,0.815,0.443
2020,Colorado State,Mountain West,0.785,0.639,0.751
2020,Connecticut,American Athletic,0.778,0.67,0.715
2020,Duke,ACC,0.047,0.667,0.476
2020,East Carolina,American Athletic,1.0,1.0,1.0
2020,Eastern Michigan,Mid-American,0.15,0.222,0.297
2020,Florida,SEC,0.845,0.559,0.631
2020,Florida Atlantic,Conference USA,0.061,0.8,0.385
2020,Florida International,Conference USA,0.072,0.261,0.233
2020,Florida State,ACC,0.689,0.271,0.527
2020,Fresno State,Mountain West,0.018,0.574,0.403
2020,Georgia,SEC,0.07,0.318,0.304
2020,Georgia Southern,Sun Belt,0.995,1.0,0.966
2020,Georgia State,Sun Belt,0.083,0.279,0.361
2020,Georgia Tech,ACC,0.861,0.934,0.888
2020,Hawai'i,Mountain West,0.198,0.774,0.497
2020,Houston,American Athletic,0.651,0.738,0.757
2020,Illinois,Big Ten,1.0,0.409,0.711
2020,Indiana,Big Ten,0.349,0.738,0.594
2020,Iowa,Big Ten,0.025,0.665,0.522
2020,Iowa State,Big 12,0.984,0.885,0.817
2020,Kansas,Big 12,0.002,0.66,0.439
2020,Kansas State,Big 12,0.988,0.514,0.684
2020,Kent State,Mid-American,0.995,0.567,0.701
2020,Kentucky,SEC,0.695,0.665,0.657
2020,Liberty,FBS Independents,0.017,0.448,0.302
2020,Louisiana,Sun Belt,0.988,0.763,0.783
2020,Louisiana Monroe,Sun Belt,0.052,0.551,0.396
2020,Louisiana Tech,Conference USA,0.195,0.651,0.53
2020,Louisville,ACC,0.997,1.0,0.961
2020,LSU,SEC,0.083,0.328,0.273
2020,Marshall,Conference USA,0.008,0.771,0.491
2020,Maryland,Big Ten,0.665,0.318,0.501
2020,Memphis,American Athletic,0.994,0.75,0.78
2020,Miami,ACC,0.362,0.533,0.476
2020,Miami (OH),Mid-American,0.938,0.881,0.859
2020,Michigan,Big Ten,0.044,0.147,0.115
2020,Michigan State,Big Ten,0.05,0.724,0.396
2020,Middle Tennessee,Conference USA,1.0,0.836,0.833
2020,Minnesota,Big Ten,0.997,0.414,0.632
2020,Mississippi State,SEC,0.486,0.738,0.585
2020,Missouri,SEC,0.226,0.794,0.519
2020,Navy,American Athletic,0.145,0.578,0.553
2020,NC State,ACC,0.517,0.861,0.712
2020,Nebraska,Big Ten,0.817,0.794,0.729
2020,Nevada,Mountain West,0.757,0.724,0.706
2020,New Mexico,Mountain West,0.771,0.602,0.71
2020,New Mexico State,FBS Independents,0.002,0.026,0.094
2020,North Carolina,ACC,0.991,0.9,0.95
2020,Northern Illinois,Mid-American,0.779,0.262,0.543
2020,North Texas,Conference USA,0.084,0.774,0.508
2020,Northwestern,Big Ten,1.0,0.97,0.969
2020,Notre Dame,FBS Independents,0.951,0.602,0.64
2020,Ohio,Mid-American,0.008,0.725,0.566
2020,Ohio State,Big Ten,0.888,0.503,0.615
2020,Oklahoma,Big 12,0.101,0.485,0.372
2020,Oklahoma State,Big 12,0.702,0.949,0.856
2020,Old Dominion,Conference USA,0.998,0.411,0.722
2020,Ole Miss,SEC,1.0,0.762,0.853
2020,Oregon,Pac-12,0.034,0.86,0.541
2020,Oregon State,Pac-12,0.139,0.561,0.366
2020,Penn State,Big Ten,1.0,0.857,0.819
2020,Pittsburgh,ACC,0.994,0.814,0.782
2020,Purdue,Big Ten,1.0,1.0,0.933
2020,Rice,Conference USA,0.507,0.247,0.529
2020,Rutgers,Big Ten,1.0,0.932,0.931
2020,San Diego State,Mountain West,0.07,0.59,0.492
2020,San José State,Mountain West,0.033,0.507,0.422
2020,SMU,American Athletic,0.984,0.256,0.571
2020,South Alabama,Sun Belt,0.438,0.467,0.536
2020,South Carolina,SEC,0.93,0.242,0.579
2020,Southern Mississippi,Conference USA,0.989,0.507,0.618
2020,South Florida,American Athletic,0.695,0.487,0.618
2020,Stanford,Pac-12,0.624,0.338,0.57
2020,Syracuse,ACC,0.84,0.574,0.639
2020,TCU,Big 12,0.871,0.339,0.568
2020,Temple,American Athletic,0.895,0.572,0.733
2020,Tennessee,SEC,0.992,0.714,0.709
2020,Texas,Big 12,0.992,0.968,0.841
2020,Texas A&M,SEC,0.998,0.747,0.801
2020,Texas State,Sun Belt,0.555,0.69,0.581
2020,Texas Tech,Big 12,0.288,0.482,0.487
2020,Toledo,Mid-American,0.641,0.821,0.739
2020,Troy,Sun Belt,0.056,0.526,0.452
2020,Tulane,American Athletic,0.066,0.556,0.388
2020,Tulsa,American Athletic,1.0,1.0,0.94
2020,UAB,Conference USA,0.997,0.903,0.907
2020,UCF,American Athletic,0.94,0.808,0.768
2020,UCLA,Pac-12,0.993,0.486,0.753
2020,UMass,FBS Independents,0.457,0.426,0.494
2020,UNLV,Mountain West,1.0,1.0,1.0
2020,USC,Pac-12,0.93,0.994,0.875
2020,Utah,Pac-12,0.029,0.292,0.303
2020,Utah State,Mountain West,0.004,0.302,0.275
2020,UTEP,Conference USA,0.174,0.232,0.299
2020,UT San Antonio,Conference USA,0.982,0.961,0.905
2020,Vanderbilt,SEC,0.005,0.222,0.194
2020,Virginia,ACC,0.041,0.378,0.234
2020,Virginia Tech,ACC,0.63,0.541,0.571
2020,Wake Forest,ACC,0.216,0.381,0.33
2020,Washington,Pac-12,0.014,0.457,0.261
2020,Washington State,Pac-12,0.031,0.828,0.412
2020,Western Kentucky,Conference USA,0.004,0.687,0.391
2020,Western Michigan,Mid-American,0.014,0.176,0.225
2020,West Virginia,Big 12,0.935,0.565,0.79
2020,Wisconsin,Big Ten,0.989,0.447,0.649
2020,Wyoming,Mountain West,0.615,0.948,0.745
2021,Air Force,Mountain West,1.0,0.662,0.724
2021,Akron,Mid-American,0.902,0.788,0.805
2021,Alabama,SEC,0.072,0.368,0.26
2021,Appalachian State,Sun Belt,0.03,0.734,0.584
2021,Arizona,Pac-12,0.427,0.371,0.478
2021,Arizona State,Pac-12,1.0,1.0,0.966
2021,Arkansas,SEC,0.019,0.511,0.423
2021,Arkansas State,Sun Belt,0.44,0.489,0.426
2021,Army,FBS Independents,1.0,0.838,0.858
2021,Auburn,SEC,0.997,0.81,0.714
2021,Ball State,Mid-American,1.0,0.799,0.852
2021,Baylor,Big 12,0.031,0.512,0.45
2021,Boise State,Mountain West,0.871,0.966,0.917
2021,Boston College,ACC,1.0,0.628,0.803
2021,Bowling Green,Mid-American,1.0,0.489,0.582
2021,Buffalo,Mid-American,1.0,0.517,0.602
2021,BYU,FBS Independents,0.13,0.791,0.557
2021,California,Pac-12,0.993,0.915,0.904
2021,Central Michigan,Mid-American,0.618,0.921,0.768
2021,Charlotte,Conference USA,1.0,0.57,0.815
2021,Cincinnati,American Athletic,0.952,0.552,0.735
2021,Clemson,ACC,0.308,0.328,0.351
2021,Coastal Carolina,Sun Belt,0.87,0.607,0.72
2021,Colorado,Pac-12,0.06,0.739,0.547
2021,Colorado State,Mountain West,0.32,0.894,0.69
2021,Duke,ACC,0.094,0.453,0.391
2021,East Carolina,American Athletic,1.0,0.81,0.857
2021,Eastern Michigan,Mid-American,1.0,0.956,0.921
2021,Florida,SEC,0.073,0.793,0.41
2021,Florida Atlantic,Conference USA,1.0,0.854,0.903
2021,Florida International,Conference USA,0.568,0.914,0.699
2021,Florida State,ACC,0.739,0.747,0.735
2021,Fresno State,Mountain West,0.941,0.984,0.96
2021,Georgia,SEC,0.9,0.954,0.923
2021,Georgia Southern,Sun Belt,0.165,0.572,0.48
2021,Georgia State,Sun Belt,1.0,0.988,0.981
2021,Georgia Tech,ACC,0.944,0.968,0.901
2021,Hawai'i,Mountain West,0.994,0.484,0.685
2021,Houston,American Athletic,0.964,0.621,0.723
2021,Illinois,Big Ten,1.0,0.983,0.896
2021,Indiana,Big Ten,1.0,0.372,0.678
2021,Iowa,Big Ten,0.996,0.699,0.765
2021,Iowa State,Big 12,0.992,0.852,0.895
2021,Kansas,Big 12,0.966,0.804,0.841
2021,Kansas State,Big 12,0.934,0.703,0.785
2021,Kent State,Mid-American,1.0,1.0,0.911
2021,Kentucky,SEC,0.198,0.374,0.423
2021,Liberty,FBS Independents,0.883,0.794,0.831
2021,Louisiana,Sun Belt,1.0,0.31,0.65
2021,Louisiana Monroe,Sun Belt,0.998,0.569,0.778
2021,Louisiana Tech,Conference USA,0.992,0.275,0.619
2021,Louisville,ACC,0.985,0.645,0.695
2021,LSU,SEC,0.661,0.762,0.668
2021,Marshall,Conference USA,0.997,0.504,0.728
2021,Maryland,Big Ten,0.913,0.472,0.675
2021,Memphis,American Athletic,0.002,0.857,0.494
2021,Miami,ACC,0.878,0.929,0.882
2021,Miami (OH),Mid-American,1.0,0.727,0.89
2021,Michigan,Big Ten,0.327,0.589,0.531
2021,Michigan State,Big Ten,0.374,0.825,0.671
2021,Middle Tennessee,Conference USA,0.066,0.367,0.435
2021,Minnesota,Big Ten,0.995,0.967,0.893
2021,Mississippi State,SEC,0.622,0.735,0.622
2021,Missouri,SEC,1.0,0.312,0.673
2021,Navy,American Athletic,0.417,0.268,0.33
2021,NC State,ACC,0.331,0.914,0.689
2021,Nebraska,Big Ten,0.675,0.367,0.499
2021,Nevada,Mountain West,1.0,1.0,0.995
2021,New Mexico,Mountain West,0.991,0.628,0.666
2021,North Carolina,ACC,0.995,0.294,0.541
2021,Northern Illinois,Mid-American,0.0,0.872,0.522
2021,North Texas,Conference USA,0.505,0.584,0.517
2021,Northwestern,Big Ten,0.0,0.308,0.179
2021,Notre Dame,FBS Independents,0.021,0.745,0.458
2021,Ohio,Mid-American,1.0,0.924,0.906
2021,Ohio State,Big Ten,0.012,0.438,0.401
2021,Oklahoma,Big 12,0.885,0.259,0.588
2021,Oklahoma State,Big 12,0.978,0.687,0.679
2021,Ole Miss,SEC,0.99,0.965,0.87
2021,Oregon,Pac-12,0.126,0.667,0.54
2021,Oregon State,Pac-12,0.964,0.391,0.755
2021,Penn State,Big Ten,0.817,0.782,0.808
2021,Pittsburgh,ACC,0.998,0.972,0.935
2021,Purdue,Big Ten,1.0,0.947,0.895
2021,Rice,Conference USA,0.345,0.897,0.706
2021,Rutgers,Big Ten,0.752,0.856,0.846
2021,San Diego State,Mountain West,0.484,0.928,0.798
2021,San José State,Mountain West,1.0,1.0,0.832
2021,SMU,American Athletic,0.003,0.831,0.468
2021,South Alabama,Sun Belt,0.755,0.497,0.655
2021,South Carolina,SEC,0.239,0.749,0.518
2021,Southern Mississippi,Conference USA,0.004,0.596,0.469
2021,South Florida,American Athletic,0.148,0.407,0.384
2021,Stanford,Pac-12,0.116,0.888,0.489
2021,Syracuse,ACC,0.468,0.746,0.644
2021,TCU,Big 12,0.993,0.623,0.732
2021,Temple,American Athletic,0.218,0.605,0.499
2021,Tennessee,SEC,0.283,0.15,0.273
2021,Texas,Big 12,0.068,0.561,0.392
2021,Texas A&M,SEC,0.018,0.797,0.593
2021,Texas State,Sun Belt,0.998,0.985,0.905
2021,Texas Tech,Big 12,0.443,0.972,0.679
2021,Toledo,Mid-American,0.414,0.85,0.715
2021,Troy,Sun Belt,0.658,0.7,0.596
2021,Tulane,American Athletic,0.451,0.468,0.491
2021,Tulsa,American Athletic,0.141,0.366,0.47
2021,UAB,Conference USA,0.996,0.469,0.635
2021,UCF,American Athletic,0.993,0.336,0.583
2021,UCLA,Pac-12,1.0,0.559,0.757
2021,UMass,FBS Independents,0.45,0.589,0.547
2021,UNLV,Mountain West,0.219,0.708,0.584
2021,USC,Pac-12,0.902,0.428,0.653
2021,Utah,Pac-12,0.043,0.148,0.268
2021,Utah State,Mountain West,0.399,0.33,0.465
2021,UTEP,Conference USA,0.992,0.766,0.873
2021,UT San Antonio,Conference USA,1.0,0.984,0.956
2021,Vanderbilt,SEC,0.502,0.465,0.566
2021,Virginia,ACC,0.997,1.0,0.914
2021,Virginia Tech,ACC,0.393,0.419,0.528
2021,Wake Forest,ACC,1.0,0.647,0.853
2021,Washington,Pac-12,0.991,0.986,0.916
2021,Washington State,Pac-12,0.667,0.936,0.855
2021,Western Kentucky,Conference USA,0.008,0.275,0.276
2021,Western Michigan,Mid-American,1.0,0.991,0.894
2021,West Virginia,Big 12,0.934,0.737,0.825
2021,Wisconsin,Big Ten,0.99,0.474,0.665
2021,Wyoming,Mountain West,1.0,0.988,0.946
2022,Air Force,Mountain West,0.917,0.892,0.852
2022,Akron,Mid-American,0.343,0.806,0.485
2022,Alabama,SEC,0.962,0.446,0.586
2022,Appalachian State,Sun Belt,0.943,0.751,0.68
2022,Arizona,Pac-12,1.0,0.925,0.825
2022,Arizona State,Pac-12,0.03,0.169,0.134
2022,Arkansas,SEC,0.981,0.759,0.744
2022,Arkansas State,Sun Belt,0.14,0.28,0.231
2022,Army,FBS Independents,0.179,0.549,0.525
2022,Auburn,SEC,0.288,0.833,0.558
2022,Ball State,Mid-American,0.071,0.766,0.459
2022,Baylor,Big 12,0.263,0.069,0.171
2022,Boise State,Mountain West,0.981,0.442,0.635
2022,Boston College,ACC,0.369,0.722,0.597
2022,Bowling Green,Mid-American,0.982,1.0,0.992
2022,Buffalo,Mid-American,0.262,0.259,0.333
2022,BYU,FBS Independents,0.826,0.336,0.578
2022,California,Pac-12,0.0,0.547,0.226
2022,Central Michigan,Mid-American,0.66,0.91,0.698
2022,Charlotte,Conference USA,1.0,0.99,0.916
2022,Cincinnati,American Athletic,0.033,0.201,0.241
2022,Clemson,ACC,0.492,0.807,0.621
2022,Coastal Carolina,Sun Belt,0.99,0.627,0.619
2022,Colorado,Pac-12,0.986,0.56,0.717
2022,Colorado State,Mountain West,0.003,0.744,0.422
2022,Connecticut,FBS Independents,0.177,0.345,0.315
2022,Duke,ACC,0.218,0.299,0.329
2022,East Carolina,American Athletic,0.986,0.982,0.873
2022,Eastern Michigan,Mid-American,0.014,0.584,0.45
2022,Florida,SEC,0.164,0.286,0.302
2022,Florida Atlantic,Conference USA,0.88,0.679,0.746
2022,Florida International,Conference USA,0.085,0.872,0.351
2022,Florida State,ACC,0.595,0.565,0.598
2022,Fresno State,Mountain West,0.998,0.557,0.791
2022,Georgia,SEC,0.773,0.454,0.63
2022,Georgia Southern,Sun Belt,0.179,0.399,0.396
2022,Georgia State,Sun Belt,0.715,0.852,0.769
2022,Georgia Tech,ACC,0.537,0.339,0.428
2022,Hawai'i,Mountain West,0.259,0.359,0.304
2022,Houston,American Athletic,0.998,0.818,0.834
2022,Illinois,Big Ten,0.504,0.841,0.694
2022,Indiana,Big Ten,0.585,0.29,0.377
2022,Iowa,Big Ten,0.998,0.317,0.648
2022,Iowa State,Big 12,0.057,0.148,0.216
2022,Kansas,Big 12,0.944,0.714,0.722
2022,Kansas State,Big 12,0.257,0.746,0.585
2022,Kent State,Mid-American,0.057,0.738,0.477
2022,Kentucky,SEC,0.772,0.847,0.659
2022,Liberty,FBS Independents,0.081,0.269,0.255
2022,Louisiana,Sun Belt,0.04,0.302,0.285
2022,Louisiana Monroe,Sun Belt,0.626,0.885,0.766
2022,Louisiana Tech,Conference USA,0.003,0.237,0.27
2022,Louisville,ACC,0.628,0.708,0.653
2022,LSU,SEC,0.139,0.118,0.287
2022,Marshall,Conference USA,0.0,0.628,0.413
2022,Maryland,Big Ten,0.964,0.476,0.676
2022,Memphis,American Athletic,0.88,0.91,0.797
2022,Miami,ACC,0.702,0.619,0.587
2022,Miami (OH),Mid-American,0.718,0.868,0.743
2022,Michigan,Big Ten,0.995,0.49,0.741
2022,Michigan State,Big Ten,0.975,0.274,0.644
2022,Middle Tennessee,Conference USA,0.94,0.466,0.649
2022,Minnesota,Big Ten,1.0,0.462,0.674
2022,Mississippi State,SEC,0.031,0.875,0.401
2022,Missouri,SEC,0.186,0.265,0.299
2022,Navy,American Athletic,0.976,0.397,0.472
2022,NC State,ACC,0.996,0.189,0.62
2022,Nebraska,Big Ten,0.059,0.436,0.231
2022,Nevada,Mountain West,0.085,0.883,0.287
2022,New Mexico,Mountain West,0.356,0.288,0.364
2022,New Mexico State,FBS Independents,0.153,0.508,0.287
2022,North Carolina,ACC,0.09,0.297,0.356
2022,Northern Illinois,Mid-American,0.902,0.701,0.762
2022,North Texas,Conference USA,0.997,0.584,0.756
2022,Northwestern,Big Ten,0.335,0.465,0.411
2022,Notre Dame,FBS Independents,0.155,0.424,0.402
2022,Ohio,Mid-American,0.816,0.385,0.519
2022,Ohio State,Big Ten,0.953,0.755,0.743
2022,Oklahoma,Big 12,0.016,0.287,0.212
2022,Oklahoma State,Big 12,0.877,0.406,0.662
2022,Old Dominion,Conference USA,0.997,0.995,0.901
2022,Ole Miss,SEC,0.11,0.041,0.107
2022,Oregon,Pac-12,0.046,0.133,0.169
2022,Oregon State,Pac-12,0.909,0.497,0.641
2022,Penn State,Big Ten,0.933,0.536,0.692
2022,Pittsburgh,ACC,0.041,0.805,0.387
2022,Purdue,Big Ten,0.758,0.569,0.603
2022,Rice,Conference USA,0.371,0.425,0.385
2022,Rutgers,Big Ten,0.933,0.589,0.709
2022,San Diego State,Mountain West,0.04,0.28,0.242
2022,San José State,Mountain West,0.4,0.483,0.515
2022,SMU,American Athletic,0.985,0.714,0.743
2022,South Alabama,Sun Belt,0.333,0.697,0.517
2022,South Carolina,SEC,0.438,0.497,0.548
2022,Southern Mississippi,Conference USA,0.946,0.846,0.878
2022,South Florida,American Athletic,0.098,0.475,0.383
2022,Stanford,Pac-12,0.883,0.264,0.678
2022,Syracuse,ACC,0.872,0.883,0.793
2022,TCU,Big 12,0.996,0.688,0.833
2022,Temple,American Athletic,0.586,0.471,0.543
2022,Tennessee,SEC,0.981,0.776,0.806
2022,Texas,Big 12,0.267,0.889,0.606
2022,Texas A&M,SEC,0.112,0.434,0.339
2022,Texas State,Sun Belt,0.006,0.565,0.424
2022,Texas Tech,Big 12,0.584,0.866,0.656
2022,Toledo,Mid-American,0.682,0.479,0.533
2022,Troy,Sun Belt,0.555,0.688,0.642
2022,Tulane,American Athletic,0.99,0.866,0.885
2022,Tulsa,American Athletic,1.0,0.56,0.652
2022,UAB,Conference USA,0.789,0.847,0.776
2022,UCF,American Athletic,0.714,0.932,0.799
2022,UCLA,Pac-12,1.0,0.765,0.751
2022,UMass,FBS Independents,0.853,0.93,0.848
2022,UNLV,Mountain West,0.781,0.221,0.519
2022,USC,Pac-12,0.002,0.131,0.156
2022,Utah,Pac-12,0.789,0.957,0.825
2022,Utah State,Mountain West,0.422,0.396,0.368
2022,UTEP,Conference USA,0.993,0.845,0.786
2022,UT San Antonio,Conference USA,0.916,0.22,0.637
2022,Vanderbilt,SEC,0.976,0.958,0.832
2022,Virginia,ACC,1.0,0.627,0.814
2022,Virginia Tech,ACC,0.125,0.467,0.327
2022,Wake Forest,ACC,0.994,0.708,0.78
2022,Washington,Pac-12,0.989,0.467,0.735
2022,Washington State,Pac-12,0.002,0.115,0.088
2022,Western Kentucky,Conference USA,0.0,0.189,0.149
2022,Western Michigan,Mid-American,0.026,0.737,0.396
2022,West Virginia,Big 12,0.061,0.33,0.219
2022,Wisconsin,Big Ten,0.99,0.889,0.799
2022,Wyoming,Mountain West,0.0,0.293,0.228
2023,Air Force,Mountain West,0.034,0.288,0.263
2023,Akron,Mid-American,0.995,0.596,0.758
2023,Alabama,SEC,0.147,0.54,0.388
2023,Appalachian State,Sun Belt,0.028,0.468,0.392
2023,Arizona,Pac-12,0.996,0.99,0.924
2023,Arizona State,Pac-12,0.551,0.1,0.443
2023,Arkansas,SEC,0.914,0.928,0.777
2023,Arkansas State,Sun Belt,0.028,0.361,0.221
2023,Army,FBS Independents,0.028,0.543,0.485
2023,Auburn,SEC,0.833,0.573,0.657
2023,Ball State,Mid-American,0.0,0.14,0.146
2023,Baylor,Big 12,0.937,0.578,0.691
2023,Boise State,Mountain West,0.74,0.911,0.846
2023,Boston College,ACC,0.456,0.686,0.532
2023,Bowling Green,Mid-American,0.151,0.883,0.484
2023,Buffalo,Mid-American,0.988,0.917,0.773
2023,BYU,FBS Independents,0.019,0.213,0.234
2023,California,Pac-12,0.0,0.571,0.236
2023,Central Michigan,Mid-American,0.173,0.467,0.306
2023,Charlotte,Conference USA,0.003,0.507,0.214
2023,Cincinnati,American Athletic,0.196,0.557,0.275
2023,Clemson,ACC,0.219,0.704,0.505
2023,Coastal Carolina,Sun Belt,0.969,0.877,0.897
2023,Colorado,Pac-12,0.0,0.323,0.137
2023,Colorado State,Mountain West,1.0,0.722,0.825
2023,Connecticut,FBS Independents,0.993,0.695,0.753
2023,Duke,ACC,1.0,0.99,0.995
2023,East Carolina,American Athletic,0.036,0.282,0.193
2023,Eastern Michigan,Mid-American,0.25,0.863,0.505
2023,Florida,SEC,0.074,0.659,0.438
2023,Florida Atlantic,Conference USA,0.03,0.686,0.447
2023,Florida International,Conference USA,0.948,0.722,0.78
2023,Florida State,ACC,0.99,0.78,0.792
2023,Fresno State,Mountain West,0.259,0.313,0.261
2023,Georgia,SEC,0.084,0.622,0.446
2023,Georgia Southern,Sun Belt,0.007,0.614,0.377
2023,Georgia State,Sun Belt,1.0,0.518,0.684
2023,Georgia Tech,ACC,0.439,0.36,0.382
2023,Hawai'i,Mountain West,0.995,0.487,0.665
2023,Houston,American Athletic,0.008,0.471,0.269
2023,Illinois,Big Ten,0.005,0.197,0.268
2023,Indiana,Big Ten,0.107,0.504,0.345
2023,Iowa,Big Ten,0.065,0.759,0.426
2023,Iowa State,Big 12,0.987,0.495,0.687
2023,James Madison,Sun Belt,0.118,0.311,0.24
2023,Kansas,Big 12,0.968,0.866,0.931
2023,Kansas State,Big 12,0.517,0.239,0.369
2023,Kent State,Mid-American,0.184,0.095,0.13
2023,Kentucky,SEC,0.201,0.318,0.417
2023,Liberty,FBS Independents,0.967,0.31,0.544
2023,Louisiana,Sun Belt,0.987,0.694,0.744
2023,Louisiana Monroe,Sun Belt,0.003,0.049,0.123
2023,Louisiana Tech,Conference USA,0.066,0.791,0.426
2023,Louisville,ACC,0.379,0.476,0.395
2023,LSU,SEC,0.987,0.95,0.888
2023,Marshall,Sun Belt,0.683,0.383,0.495
2023,Maryland,Big Ten,0.975,0.979,0.88
2023,Memphis,American Athletic,0.971,0.726,0.692
2023,Miami,ACC,0.72,0.574,0.637
2023,Miami (OH),Mid-American,0.986,0.771,0.783
2023,Michigan,Big Ten,0.898,0.955,0.825
2023,Michigan State,Big Ten,0.052,0.453,0.254
2023,Middle Tennessee,Conference USA,0.099,0.589,0.312
2023,Minnesota,Big Ten,0.426,0.182,0.344
2023,Mississippi State,SEC,0.966,0.63,0.715
2023,Missouri,SEC,0.981,0.939,0.841
2023,Navy,American Athletic,0.871,0.778,0.75
2023,NC State,ACC,0.189,0.705,0.449
2023,Nebraska,Big Ten,0.142,0.729,0.403
2023,Nevada,Mountain West,0.411,0.116,0.328
2023,New Mexico,Mountain West,0.198,0.317,0.31
2023,New Mexico State,FBS Independents,0.993,0.982,0.953
2023,North Carolina,ACC,0.982,0.83,0.819
2023,Northern Illinois,Mid-American,0.997,0.418,0.555
2023,North Texas,Conference USA,0.019,0.932,0.53
2023,Northwestern,Big Ten,0.974,0.413,0.599
2023,Notre Dame,FBS Independents,0.011,0.535,0.324
2023,Ohio,Mid-American,1.0,0.931,0.937
2023,Ohio State,Big Ten,0.074,0.912,0.636
2023,Oklahoma,Big 12,0.974,0.592,0.675
2023,Oklahoma State,Big 12,0.293,0.349,0.335
2023,Old Dominion,Sun Belt,0.002,0.287,0.223
2023,Ole Miss,SEC,0.93,0.723,0.728
2023,Oregon,Pac-12,0.986,0.848,0.844
2023,Oregon State,Pac-12,0.615,0.708,0.624
2023,Penn State,Big Ten,0.136,0.806,0.479
2023,Pittsburgh,ACC,0.048,0.352,0.292
2023,Purdue,Big Ten,0.004,0.717,0.366
2023,Rice,Conference USA,0.335,0.553,0.474
2023,Rutgers,Big Ten,0.838,0.879,0.758
2023,San Diego State,Mountain West,0.77,0.591,0.626
2023,San José State,Mountain West,0.993,0.878,0.841
2023,SMU,American Athletic,0.148,0.665,0.413
2023,South Alabama,Sun Belt,0.998,0.816,0.856
2023,South Carolina,SEC,0.995,0.365,0.644
2023,Southern Mississippi,Sun Belt,0.597,0.725,0.633
2023,South Florida,American Athletic,0.611,0.39,0.434
2023,Stanford,Pac-12,0.038,0.787,0.382
2023,Syracuse,ACC,0.995,0.47,0.709
2023,TCU,Big 12,0.061,0.099,0.125
2023,Temple,American Athletic,1.0,0.848,0.812
2023,Tennessee,SEC,0.203,0.793,0.508
2023,Texas,Big 12,0.767,0.201,0.585
2023,Texas A&M,SEC,0.536,0.326,0.516
2023,Texas State,Sun Belt,0.005,0.914,0.458
2023,Texas Tech,Big 12,0.592,0.568,0.65
2023,Toledo,Mid-American,1.0,0.996,0.907
2023,Troy,Sun Belt,0.843,0.586,0.674
2023,Tulane,American Athletic,0.992,0.466,0.623
2023,Tulsa,American Athletic,0.391,0.391,0.351
2023,UAB,Conference USA,0.239,0.44,0.418
2023,UCF,American Athletic,0.749,0.572,0.666
2023,UCLA,Pac-12,0.1,0.339,0.277
2023,UMass,FBS Independents,0.855,0.613,0.669
2023,UNLV,Mountain West,0.925,0.441,0.623
2023,USC,Pac-12,0.987,0.648,0.764
2023,Utah,Pac-12,1.0,0.719,0.781
2023,Utah State,Mountain West,0.683,0.371,0.482
2023,UTEP,Conference USA,0.888,0.478,0.658
2023,UT San Antonio,Conference USA,0.993,0.57,0.741
2023,Vanderbilt,SEC,0.628,0.398,0.604
2023,Virginia,ACC,0.003,0.647,0.302
2023,Virginia Tech,ACC,0.947,0.537,0.691
2023,Wake Forest,ACC,0.095,0.462,0.363
2023,Washington,Pac-12,0.995,0.625,0.851
2023,Washington State,Pac-12,0.986,0.972,0.831
2023,Western Kentucky,Conference USA,0.498,0.548,0.513
2023,Western Michigan,Mid-American,0.994,0.335,0.605
2023,West Virginia,Big 12,0.212,0.639,0.362
2023,Wisconsin,Big Ten,0.052,0.748,0.493
2023,Wyoming,Mountain West,0.997,0.449,0.643
